City_ID,City,Lat,Lng,Max Temp,Humidity,Cloudiness,Wind Speed,Country,Date
0,Guarapari,-20.67,-40.5,64.99,93,20,2.24,BR,2020-06-23 02:57:58
1,Bredasdorp,-34.53,20.04,41.0,93,10,3.58,ZA,2020-06-23 03:04:20
2,Barrow,71.29,-156.79,35.6,80,75,16.11,US,2020-06-23 03:00:02
3,Busselton,-33.65,115.33,61.0,83,27,4.0,AU,2020-06-23 03:04:21
4,Hithadhoo,-0.6,73.08,84.47,72,13,9.78,MV,2020-06-23 03:04:21
5,Albany,42.6,-73.97,82.0,88,7,3.06,US,2020-06-23 02:59:30
6,Punta Arenas,-53.15,-70.92,41.0,86,100,16.11,CL,2020-06-23 03:04:21
7,Yellowknife,62.46,-114.35,69.01,39,75,12.75,CA,2020-06-23 03:02:11
8,Tuktoyaktuk,69.45,-133.04,60.8,55,75,11.41,CA,2020-06-23 03:03:06
9,Port Alfred,-33.59,26.89,57.99,57,0,1.01,ZA,2020-06-23 03:04:22
10,Usinsk,65.99,57.53,43.57,93,100,8.14,RU,2020-06-23 03:04:22
11,Provideniya,64.38,-173.3,44.6,81,90,15.66,RU,2020-06-23 03:04:22
12,Sao Felix Do Xingu,-6.64,-51.99,69.89,85,5,2.19,BR,2020-06-23 03:04:23
13,Zhezkazgan,47.8,67.71,68.0,40,1,13.42,KZ,2020-06-23 03:04:23
14,Ponta Do Sol,32.67,-17.1,69.8,64,40,9.17,PT,2020-06-23 03:04:23
15,Los Llanos De Aridane,28.66,-17.92,71.6,68,90,13.87,ES,2020-06-23 03:04:23
16,Saint-Denis,48.92,2.33,59.0,82,0,4.7,FR,2020-06-23 03:04:23
17,Miquelon,47.1,-56.38,54.1,100,100,10.38,PM,2020-06-23 03:04:24
18,Damghan,36.17,54.35,71.98,26,0,2.82,IR,2020-06-23 03:04:24
19,Saint-Philippe,-21.36,55.77,64.4,82,48,4.7,RE,2020-06-23 03:04:24
20,Cordoba,-31.41,-64.18,52.0,81,42,1.12,AR,2020-06-23 03:00:08
21,New Norfolk,-42.78,147.06,55.0,91,100,3.0,AU,2020-06-23 03:04:24
22,Dingle,11.0,122.67,88.65,61,32,5.88,PH,2020-06-23 03:04:24
23,Saskylakh,71.92,114.08,86.38,24,7,8.03,RU,2020-06-23 03:04:25
24,Mataura,-46.19,168.86,49.93,72,76,1.16,NZ,2020-06-23 03:04:25
25,Telica,12.52,-86.86,77.09,88,83,5.5,NI,2020-06-23 03:04:25
26,Rikitea,-23.12,-134.97,70.25,56,34,15.39,PF,2020-06-23 03:04:25
27,Norman Wells,65.28,-126.83,55.4,93,90,6.93,CA,2020-06-23 03:04:25
28,Ribeira Grande,38.52,-28.7,66.85,94,48,11.7,PT,2020-06-23 03:04:25
29,General Pico,-35.66,-63.76,46.45,83,8,8.86,AR,2020-06-23 03:04:26
30,Pevek,69.7,170.31,32.02,97,7,16.53,RU,2020-06-23 03:04:26
31,Baruun-Urt,46.68,113.28,68.99,62,44,5.06,MN,2020-06-23 03:04:26
32,Omsukchan,62.53,155.8,79.86,25,55,4.32,RU,2020-06-23 03:04:26
33,Garden City,42.33,-83.33,77.0,73,75,5.82,US,2020-06-23 03:04:26
34,Yumen,40.28,97.2,82.94,14,0,13.15,CN,2020-06-23 03:04:26
35,Politika,38.6,23.55,69.01,93,40,4.7,GR,2020-06-23 03:04:27
36,Ushuaia,-54.8,-68.3,33.8,86,40,4.7,AR,2020-06-23 03:03:21
37,Adrar,20.5,-10.07,96.33,11,70,15.1,MR,2020-06-23 03:04:27
38,Hobart,-42.88,147.33,55.0,93,75,19.46,AU,2020-06-23 03:00:47
39,Ketchikan,55.34,-131.65,55.4,93,90,11.41,US,2020-06-23 03:04:28
40,Atuona,-9.8,-139.03,79.84,76,20,13.96,PF,2020-06-23 03:03:36
41,Ilhabela,-23.78,-45.36,71.42,67,68,2.53,BR,2020-06-23 03:04:28
42,Castro,-24.79,-50.01,56.84,83,0,3.49,BR,2020-06-23 03:00:17
43,Avera,33.19,-82.53,77.0,69,40,4.7,US,2020-06-23 03:03:56
44,Praia Da Vitoria,38.73,-27.07,66.2,93,75,12.3,PT,2020-06-23 03:04:28
45,Sola,-13.88,167.55,82.15,78,83,13.89,VU,2020-06-23 03:01:05
46,Lodja,-3.48,23.43,71.38,64,26,1.63,CD,2020-06-23 03:04:29
47,Cape Town,-33.93,18.42,53.01,100,0,6.93,ZA,2020-06-23 03:03:01
48,Qaanaaq,77.48,-69.36,37.62,88,100,1.97,GL,2020-06-23 03:04:29
49,Khudumelapye,-23.88,24.75,44.56,57,0,6.51,BW,2020-06-23 03:04:29
50,Gorontalo,0.54,123.06,86.68,65,13,9.37,ID,2020-06-23 03:04:29
51,Vaini,-21.2,-175.2,78.8,83,75,9.17,TO,2020-06-23 03:03:36
52,Port Hardy,50.7,-127.42,55.4,93,90,11.41,CA,2020-06-23 03:02:52
53,Bud,39.45,-86.18,75.0,82,100,10.69,US,2020-06-23 03:04:30
54,Ilulissat,69.22,-51.1,44.6,75,32,4.7,GL,2020-06-23 03:04:30
55,Lata,40.16,-8.33,64.0,95,0,1.23,PT,2020-06-23 03:04:30
56,Jamestown,42.1,-79.24,68.0,93,90,4.7,US,2020-06-23 03:03:46
57,Kostelec Nad Cernymi Lesy,49.99,14.86,60.8,67,4,5.82,CZ,2020-06-23 03:04:31
58,Soligalich,59.08,42.29,55.38,72,7,4.99,RU,2020-06-23 03:04:31
59,Hilo,19.73,-155.09,84.2,48,20,11.41,US,2020-06-23 03:04:31
60,Kruisfontein,-34.0,24.73,51.91,45,0,6.26,ZA,2020-06-23 03:04:31
61,Awjilah,29.11,21.29,65.75,83,0,7.25,LY,2020-06-23 03:03:05
62,Ostrovnoy,68.05,39.51,39.22,76,100,19.42,RU,2020-06-23 03:04:31
63,Dikson,73.51,80.55,46.85,79,55,12.41,RU,2020-06-23 03:04:32
64,Deli Tua,3.51,98.68,80.6,83,40,6.93,ID,2020-06-23 03:04:32
65,East London,-33.02,27.91,63.01,32,0,6.67,ZA,2020-06-23 03:03:41
66,Port Blair,11.67,92.75,84.52,74,77,7.52,IN,2020-06-23 03:04:32
67,Mareeba,-17.0,145.43,81.0,54,0,13.87,AU,2020-06-23 03:04:33
68,Nikolskoye,59.7,30.79,57.2,67,0,1.43,RU,2020-06-23 03:04:33
69,Atasu,48.68,71.64,78.76,19,50,5.01,KZ,2020-06-23 03:04:33
70,Thompson,55.74,-97.86,64.4,72,20,4.7,CA,2020-06-23 03:04:33
71,Pangnirtung,66.15,-65.71,46.36,67,92,1.1,CA,2020-06-23 03:04:33
72,Ambilobe,-13.2,49.05,66.51,81,40,4.07,MG,2020-06-23 03:04:34
73,Butaritari,3.07,172.79,82.9,74,46,15.19,KI,2020-06-23 03:04:34
74,Rehoboth,-23.32,17.08,44.04,57,0,4.03,NA,2020-06-23 03:04:34
75,Kapaa,22.08,-159.32,82.4,65,40,10.29,US,2020-06-23 03:04:34
76,Malindi,-3.22,40.12,76.82,88,63,14.85,KE,2020-06-23 03:04:35
77,Coquimbo,-29.95,-71.34,53.6,93,100,2.24,CL,2020-06-23 03:04:35
78,Petropavlovsk-Kamchatskiy,53.05,158.65,78.8,36,40,13.42,RU,2020-06-23 03:04:35
79,Mount Gambier,-37.83,140.77,57.2,93,75,13.87,AU,2020-06-23 03:04:35
80,Arraial Do Cabo,-22.97,-42.03,72.81,81,0,9.04,BR,2020-06-23 03:04:35
81,Mezhevoy,55.17,58.78,49.53,72,5,4.05,RU,2020-06-23 03:04:35
82,Kysyl-Syr,63.9,122.76,78.35,37,37,8.84,RU,2020-06-23 03:04:36
83,Garissa,-0.45,39.64,75.74,76,95,16.49,KE,2020-06-23 03:04:36
84,Tasiilaq,65.61,-37.64,48.2,84,0,13.87,GL,2020-06-23 03:03:05
85,San Patricio,19.22,-104.7,81.97,74,62,2.48,MX,2020-06-23 03:04:36
86,Puerto Ayora,-0.74,-90.35,69.01,91,24,7.49,EC,2020-06-23 03:04:36
87,Kasempa,-13.46,25.83,48.29,64,0,5.97,ZM,2020-06-23 03:04:36
88,Ulladulla,-35.35,150.47,59.0,44,40,14.99,AU,2020-06-23 03:04:37
89,Chuy,-33.7,-53.46,60.01,96,100,8.63,UY,2020-06-23 03:04:37
90,Margate,51.38,1.39,60.01,81,0,1.99,GB,2020-06-23 03:04:37
91,Beloha,-25.17,45.05,61.86,97,35,6.62,MG,2020-06-23 03:04:37
92,Touros,-5.2,-35.46,71.6,94,17,4.7,BR,2020-06-23 03:02:31
93,Bluff,-46.6,168.33,48.11,79,100,4.72,NZ,2020-06-23 03:04:38
94,Chokurdakh,70.63,147.92,67.51,31,79,8.37,RU,2020-06-23 03:04:38
95,Cidreira,-30.18,-50.21,64.26,92,7,16.44,BR,2020-06-23 03:04:38
96,Lagoa,39.05,-27.98,65.95,94,57,10.25,PT,2020-06-23 03:04:38
97,Tuatapere,-46.13,167.68,51.26,75,100,1.48,NZ,2020-06-23 03:04:38
98,Severodvinsk,64.56,39.83,44.6,87,75,4.47,RU,2020-06-23 03:04:39
99,Takoradi,4.88,-1.76,77.02,84,100,7.09,GH,2020-06-23 03:04:39
100,Dum Duma,27.57,95.57,78.8,100,90,8.05,IN,2020-06-23 03:04:39
101,Hermanus,-34.42,19.23,45.0,98,13,1.99,ZA,2020-06-23 03:04:01
102,Nanortalik,60.14,-45.24,41.52,81,0,8.9,GL,2020-06-23 03:04:39
103,Meulaboh,4.14,96.13,74.68,88,100,8.34,ID,2020-06-23 03:04:40
104,Assomada,15.1,-23.68,80.6,47,0,3.36,CV,2020-06-23 03:04:40
105,Pokosnoye,55.53,101.05,74.89,49,77,6.11,RU,2020-06-23 03:04:40
106,San Jose De Ocoa,18.55,-70.5,59.0,4,43,4.41,DO,2020-06-23 03:04:40
107,Alice Springs,-23.7,133.88,57.2,47,0,6.93,AU,2020-06-23 03:01:58
108,Krasnozerskoye,53.98,79.24,66.72,62,0,7.72,RU,2020-06-23 03:04:40
109,Nome,64.5,-165.41,66.99,71,75,5.82,US,2020-06-23 03:04:41
110,Mar Del Plata,-38.0,-57.56,52.0,93,100,6.93,AR,2020-06-23 03:03:03
111,Kodiak,57.79,-152.41,53.6,76,90,12.75,US,2020-06-23 03:03:57
112,Cherskiy,68.75,161.3,52.36,45,7,19.3,RU,2020-06-23 03:04:41
113,Rognan,67.1,15.39,55.99,93,86,3.0,NO,2020-06-23 03:04:42
114,Upernavik,72.79,-56.15,38.66,75,74,10.18,GL,2020-06-23 03:04:42
115,Ahipara,-35.17,173.17,61.84,78,59,14.27,NZ,2020-06-23 03:04:42
116,Boffa,10.17,-14.03,78.67,88,97,5.1,GN,2020-06-23 03:04:42
117,Sinnamary,5.38,-52.95,77.36,88,100,7.09,GF,2020-06-23 03:01:05
118,Hovd,48.01,91.64,58.68,34,0,3.31,MN,2020-06-23 03:04:42
119,Mpika,-11.83,31.45,51.55,73,21,8.1,ZM,2020-06-23 03:04:43
120,Leningradskiy,69.38,178.42,35.78,82,93,16.96,RU,2020-06-23 03:04:43
121,Talnakh,69.49,88.4,60.8,51,82,22.37,RU,2020-06-23 03:04:43
122,Husavik,66.04,-17.34,46.4,87,75,6.93,IS,2020-06-23 03:04:43
123,Wanning,18.8,110.4,88.43,72,98,14.56,CN,2020-06-23 03:04:43
124,Kota Kinabalu,5.97,116.07,86.0,84,20,3.36,MY,2020-06-23 03:04:43
125,Pingliang,35.54,106.69,77.02,37,23,5.84,CN,2020-06-23 03:04:44
126,Te Anau,-45.42,167.72,50.67,76,62,1.23,NZ,2020-06-23 03:00:48
127,Khatanga,71.97,102.5,82.69,29,96,11.88,RU,2020-06-23 03:03:55
128,Bengkulu,-3.8,102.27,79.59,84,92,9.35,ID,2020-06-23 03:04:30
129,Soyo,-6.13,12.37,70.0,86,0,5.44,AO,2020-06-23 03:04:45
130,Severo-Kurilsk,50.68,156.12,50.61,78,100,11.21,RU,2020-06-23 03:04:45
131,Kambove,-10.88,26.6,47.79,69,0,5.19,CD,2020-06-23 03:04:45
132,Guanica,17.97,-66.91,84.99,77,1,8.39,PR,2020-06-23 03:04:45
133,Chernyshevskiy,63.01,112.47,73.29,34,0,12.48,RU,2020-06-23 03:04:45
134,Aklavik,68.22,-135.01,66.2,39,75,11.41,CA,2020-06-23 03:04:13
135,Klaksvik,62.23,-6.59,46.4,93,91,13.87,FO,2020-06-23 03:03:50
136,Fare,-16.7,-151.02,78.1,73,9,18.7,PF,2020-06-23 03:04:46
137,Aflao,6.12,1.19,78.8,88,20,3.36,TG,2020-06-23 03:04:46
138,Madang,-5.22,145.8,84.04,75,61,7.11,PG,2020-06-23 03:04:46
139,Zheleznodorozhnyy,55.75,38.0,64.0,82,100,2.24,RU,2020-06-23 03:02:20
140,Sao Filipe,14.9,-24.5,76.59,76,0,7.58,CV,2020-06-23 03:04:47
141,Alofi,-19.06,-169.92,84.2,66,75,4.7,NU,2020-06-23 03:04:47
142,Auki,-8.77,160.7,83.75,79,100,2.93,SB,2020-06-23 03:04:47
143,Osecina,44.37,19.6,64.99,100,90,10.29,RS,2020-06-23 03:04:47
144,Tashtagol,52.77,87.89,62.35,50,0,6.24,RU,2020-06-23 03:04:47
145,Panjab,34.39,67.02,69.19,24,0,1.66,AF,2020-06-23 03:04:47
146,Vila Velha,-20.33,-40.29,64.99,93,20,2.24,BR,2020-06-23 03:02:18
147,Xining,36.62,101.77,66.54,42,89,0.45,CN,2020-06-23 03:00:35
148,Capinopolis,-18.68,-49.57,64.08,58,39,5.46,BR,2020-06-23 03:04:48
149,Clyde River,70.47,-68.59,39.2,93,90,6.93,CA,2020-06-23 03:04:48
150,Barraute,48.43,-77.63,71.6,73,20,4.7,CA,2020-06-23 03:04:48
151,Avarua,-21.21,-159.78,75.2,73,26,13.87,CK,2020-06-23 03:04:49
152,Airai,-8.93,125.41,69.4,64,1,4.61,TL,2020-06-23 03:04:37
153,Armenia,40.0,45.0,64.4,63,20,3.13,AM,2020-06-23 03:04:49
154,Goderich,43.75,-81.72,70.0,81,93,12.01,CA,2020-06-23 03:01:06
155,Bitung,1.45,125.18,89.6,62,40,3.36,ID,2020-06-23 03:04:50
156,Punta Cardon,11.66,-70.22,80.96,80,100,26.91,VE,2020-06-23 03:04:50
157,Namatanai,-3.67,152.43,86.14,65,25,3.76,PG,2020-06-23 03:04:50
158,Hit,33.64,42.83,82.76,18,0,13.76,IQ,2020-06-23 03:04:50
159,Kahului,20.89,-156.47,87.8,45,40,19.46,US,2020-06-23 03:04:11
160,Waipawa,-41.41,175.52,57.2,76,8,3.36,NZ,2020-06-23 03:04:51
161,Kieta,-6.22,155.63,86.05,65,28,3.96,PG,2020-06-23 03:04:51
162,Naze,28.37,129.48,82.4,83,75,16.11,JP,2020-06-23 03:03:39
163,Cadillac,44.25,-85.4,66.2,88,90,2.59,US,2020-06-23 03:04:51
164,Ahuimanu,21.44,-157.84,86.0,54,75,11.41,US,2020-06-23 03:04:51
165,Mirnyy,62.54,113.96,73.4,35,40,8.95,RU,2020-06-23 03:04:51
166,Grand Baie,-20.02,57.58,68.0,83,1,3.0,MU,2020-06-23 03:04:52
167,Luderitz,-26.65,15.16,51.8,71,0,10.63,NA,2020-06-23 03:04:52
168,Sumoto,34.35,134.9,86.0,44,20,4.7,JP,2020-06-23 03:04:52
169,Puerto Ayacucho,5.66,-67.62,76.1,90,100,2.46,VE,2020-06-23 03:04:52
170,Beringovskiy,63.05,179.32,40.24,85,100,16.53,RU,2020-06-23 03:04:52
171,Mahebourg,-20.41,57.7,71.6,83,40,8.05,MU,2020-06-23 03:04:02
172,Souillac,-20.52,57.52,71.6,83,40,8.05,MU,2020-06-23 03:04:53
173,Vuktyl,63.86,57.31,48.63,76,95,2.15,RU,2020-06-23 03:04:53
174,Tutoia,-2.76,-42.27,77.0,83,28,2.89,BR,2020-06-23 03:04:53
175,Torbay,47.67,-52.73,60.01,93,90,21.92,CA,2020-06-23 03:04:53
176,Da Nang,16.07,108.22,96.8,50,20,4.7,VN,2020-06-23 03:04:25
177,Port Elizabeth,-33.92,25.57,48.2,81,0,2.24,ZA,2020-06-23 03:04:54
178,Hamilton,39.18,-84.53,79.0,78,20,3.36,US,2020-06-23 03:00:08
179,Longyearbyen,78.22,15.64,41.0,80,81,4.7,SJ,2020-06-23 03:04:54
180,Deputatskiy,69.3,139.9,75.49,43,0,4.63,RU,2020-06-23 03:04:54
181,Colares,38.8,-9.45,66.99,88,0,13.42,PT,2020-06-23 03:04:55
182,Krabi,8.07,98.91,86.0,74,40,3.36,TH,2020-06-23 03:04:55
183,Fershampenuaz,53.52,59.81,53.28,65,31,7.61,RU,2020-06-23 03:04:55
184,Hokitika,-42.72,170.97,56.41,65,0,2.08,NZ,2020-06-23 03:04:55
185,Acari,-15.43,-74.62,61.86,64,56,1.05,PE,2020-06-23 03:04:55
186,Zaragoza,41.66,-0.88,64.4,72,0,5.82,ES,2020-06-23 03:04:56
187,Haines Junction,60.75,-137.51,55.29,40,57,8.77,CA,2020-06-23 03:04:56
188,Nova Vicosa,-17.89,-39.37,70.25,80,0,4.68,BR,2020-06-23 03:04:56
189,Taga,46.95,24.05,64.4,93,75,10.29,RO,2020-06-23 03:04:56
190,Carnarvon,-24.87,113.63,71.6,60,90,10.29,AU,2020-06-23 03:04:56
191,Shelburne,44.08,-80.2,73.4,78,90,3.36,CA,2020-06-23 03:01:06
192,Catumbela,-12.43,13.55,68.23,74,0,5.57,AO,2020-06-23 03:04:57
193,Daru,-9.08,143.21,80.31,82,12,14.83,PG,2020-06-23 03:04:57
194,Puerto Carreno,6.19,-67.49,78.49,88,100,1.7,CO,2020-06-23 03:00:05
195,Marzuq,14.4,46.47,80.94,21,82,1.83,YE,2020-06-23 03:04:57
196,Saint George,37.1,-113.58,100.4,9,1,13.87,US,2020-06-23 03:04:58
197,Muroto,33.28,134.15,80.6,65,20,8.05,JP,2020-06-23 03:04:58
198,Sao Joao Da Barra,-21.64,-41.05,69.46,83,0,8.25,BR,2020-06-23 03:04:58
199,Roald,62.58,6.13,55.4,93,100,10.29,NO,2020-06-23 03:01:05
200,Georgetown,5.41,100.34,82.4,83,20,5.82,MY,2020-06-23 03:04:58
201,Vestmanna,62.16,-7.17,46.4,93,96,13.87,FO,2020-06-23 03:04:58
202,Kiunga,-6.12,141.29,81.39,82,87,3.51,PG,2020-06-23 03:04:58
203,Moron,-34.65,-58.62,59.0,87,90,6.93,AR,2020-06-23 03:04:59
204,Puerto Palomas,31.77,-107.62,93.2,8,1,11.41,MX,2020-06-23 03:04:59
205,Tambacounda,13.75,-13.76,87.8,58,61,11.41,SN,2020-06-23 03:04:59
206,Mkushi,-13.62,29.39,51.26,69,0,6.33,ZM,2020-06-23 03:04:59
207,Venezuela,8.0,-66.0,78.55,82,18,8.57,VE,2020-06-23 03:04:59
208,Komsomolskiy,40.43,71.72,84.2,26,99,2.24,UZ,2020-06-23 03:05:00
209,Kokstad,-30.55,29.42,42.03,60,0,4.07,ZA,2020-06-23 03:05:00
210,Douglas,41.3,-96.17,69.01,82,40,6.93,US,2020-06-23 03:05:00
211,Santa Maria Da Boa Vista,-8.81,-39.83,72.46,82,1,11.59,BR,2020-06-23 03:05:00
212,Lakes Entrance,-37.88,147.98,57.0,79,70,3.0,AU,2020-06-23 03:05:00
213,Richards Bay,-28.78,32.04,59.59,87,0,7.54,ZA,2020-06-23 03:05:00
214,Vardo,70.37,31.11,41.0,75,75,9.17,NO,2020-06-23 03:04:37
215,Half Moon Bay,37.46,-122.43,72.0,60,5,9.17,US,2020-06-23 03:05:01
216,Haapiti,-17.57,-149.87,80.6,57,20,6.93,PF,2020-06-23 03:05:01
217,Coihaique,-45.58,-72.07,35.6,95,46,6.93,CL,2020-06-23 03:05:01
218,Changli,39.7,119.15,82.67,51,100,10.29,CN,2020-06-23 03:05:01
219,Xam Nua,20.42,104.04,85.48,48,100,5.95,LA,2020-06-23 03:05:02
220,Verkhoyansk,67.54,133.38,88.61,28,0,6.31,RU,2020-06-23 03:05:02
221,George Town,5.41,100.34,82.4,83,20,5.82,MY,2020-06-23 03:04:26
222,Sardarshahr,28.43,74.48,97.2,36,0,14.7,IN,2020-06-23 03:05:02
223,Vila Franca Do Campo,37.72,-25.43,66.2,93,40,11.41,PT,2020-06-23 03:05:02
224,Tiznit,29.58,-9.5,66.54,83,29,1.43,MA,2020-06-23 03:05:02
225,Chekhov,55.14,37.47,61.0,87,100,4.47,RU,2020-06-23 03:05:03
226,Camabatela,-8.19,15.38,56.7,40,0,3.06,AO,2020-06-23 03:05:03
227,Bandarbeyla,9.49,50.81,81.63,65,3,25.43,SO,2020-06-23 03:05:03
228,Thiruvananthapuram,8.48,76.92,84.2,66,20,4.7,IN,2020-06-23 03:05:03
229,Bethel,41.37,-73.41,75.2,69,1,5.82,US,2020-06-23 03:01:54
230,Ardmore,34.17,-97.14,82.0,78,1,3.76,US,2020-06-23 03:00:40
231,Nuevo Progreso,23.17,-97.95,82.99,67,91,7.72,MX,2020-06-23 03:05:04
232,Bollnas,61.35,16.39,57.83,68,86,2.21,SE,2020-06-23 03:05:04
233,Narrabri,-30.32,149.78,53.6,62,90,5.82,AU,2020-06-23 03:05:04
234,Zaltan,32.95,11.87,69.98,71,0,6.8,LY,2020-06-23 03:05:04
235,Sorland,67.67,12.69,53.42,94,89,5.17,NO,2020-06-23 03:05:04
236,Umm Kaddadah,13.6,26.69,85.86,33,3,7.83,SD,2020-06-23 03:05:05
237,Srednekolymsk,67.45,153.68,71.4,22,0,14.47,RU,2020-06-23 03:05:05
238,Kikwit,-5.04,18.82,67.69,40,1,2.42,CD,2020-06-23 03:05:05
239,Tezu,27.92,96.17,78.91,85,75,2.8,IN,2020-06-23 03:05:05
240,Hambantota,6.12,81.12,84.2,79,75,13.87,LK,2020-06-23 03:03:59
241,Panama City,8.99,-79.52,82.4,88,100,4.7,PA,2020-06-23 03:04:22
242,Tiksi,71.69,128.87,52.93,59,0,4.83,RU,2020-06-23 03:05:06
243,College,64.86,-147.8,52.0,93,90,9.17,US,2020-06-23 03:05:06
244,Narsaq,60.92,-46.05,50.0,66,0,5.82,GL,2020-06-23 03:03:05
245,Ulaanbaatar,47.91,106.88,68.0,37,20,4.47,MN,2020-06-23 03:05:06
246,San Cristobal,7.77,-72.22,66.65,84,100,4.45,VE,2020-06-23 03:02:01
247,Bubaque,11.28,-15.83,81.61,83,29,11.56,GW,2020-06-23 03:05:07
248,Inhambane,-23.86,35.38,66.7,84,62,8.21,MZ,2020-06-23 03:05:07
249,Baykit,61.67,96.37,84.67,36,13,0.74,RU,2020-06-23 03:04:45
250,Hervey Bay,-25.3,152.85,69.01,43,0,8.99,AU,2020-06-23 03:05:07
251,Muli,2.92,73.57,83.59,77,97,12.88,MV,2020-06-23 03:05:07
252,Wiang Sa,8.64,99.37,84.99,85,100,3.71,TH,2020-06-23 03:05:08
253,Zyryanskoye,56.83,86.63,67.8,64,92,4.29,RU,2020-06-23 03:05:08
254,Yulara,-25.24,130.99,60.8,38,0,8.05,AU,2020-06-23 03:05:08
255,Pacific Grove,36.62,-121.92,61.0,82,90,6.93,US,2020-06-23 03:02:20
256,Sungaipenuh,-2.08,101.38,66.51,97,100,0.63,ID,2020-06-23 03:05:09
257,Piracuruca,-3.93,-41.71,73.2,78,20,1.43,BR,2020-06-23 03:05:09
258,Fairbanks,64.84,-147.72,52.0,93,90,9.17,US,2020-06-23 03:04:20
259,Stokmarknes,68.56,14.91,59.0,92,74,11.99,NO,2020-06-23 03:04:02
260,Manbij,36.53,37.95,57.2,82,0,1.12,SY,2020-06-23 03:05:09
261,Tandur,17.23,77.58,78.78,73,97,13.18,IN,2020-06-23 03:05:10
262,Prado,-17.34,-39.22,70.2,83,0,4.23,BR,2020-06-23 03:05:10
263,Palmer,42.16,-72.33,75.2,73,40,6.93,US,2020-06-23 03:05:11
264,Priladozhskiy,59.85,31.48,57.2,67,0,3.0,RU,2020-06-23 03:05:11
265,Eydhafushi,5.1,73.07,83.3,78,100,12.01,MV,2020-06-23 03:05:11
266,Dunedin,-45.87,170.5,50.0,69,0,3.18,NZ,2020-06-23 03:05:11
267,Cururupu,-1.83,-44.87,73.87,92,17,1.16,BR,2020-06-23 03:05:11
268,Ixtapa,20.7,-105.2,86.0,70,75,6.93,MX,2020-06-23 03:00:58
269,Jiamusi,46.83,130.35,52.54,95,100,13.89,CN,2020-06-23 03:05:12
270,Constantine,36.37,6.61,55.4,87,0,1.16,DZ,2020-06-23 03:05:12
271,Caravelas,-17.71,-39.25,68.85,84,0,3.13,BR,2020-06-23 03:05:12
272,Sena Madureira,-9.07,-68.66,73.8,78,54,1.61,BR,2020-06-23 03:00:52
273,Guerrero Negro,27.98,-114.06,64.45,87,100,16.06,MX,2020-06-23 03:05:13
274,Tshikapa,-6.42,20.8,64.17,31,0,3.02,CD,2020-06-23 03:05:13
275,Bratsk,56.13,101.61,77.0,41,84,6.71,RU,2020-06-23 03:05:13
276,Caceres,39.52,-6.37,72.0,48,0,3.87,ES,2020-06-23 03:05:13
277,Farrukhnagar,17.08,78.2,79.0,88,40,9.17,IN,2020-06-23 03:05:13
278,Almeirim,-1.52,-52.58,74.35,94,66,2.51,BR,2020-06-23 03:05:14
279,Longkou,37.65,120.33,71.22,79,100,9.53,CN,2020-06-23 03:05:14
280,Vilyuysk,63.76,121.62,77.58,40,14,8.97,RU,2020-06-23 03:05:14
281,Santo Amaro Da Imperatriz,-27.69,-48.78,66.2,100,90,2.24,BR,2020-06-23 03:05:14
282,Garelochhead,56.08,-4.83,57.2,93,90,8.05,GB,2020-06-23 03:00:37
283,Novyy Urengoy,66.08,76.63,49.03,73,99,2.3,RU,2020-06-23 03:05:14
284,Gat,31.61,34.76,70.0,81,0,4.18,IL,2020-06-23 03:05:01
285,Marsh Harbour,26.54,-77.06,81.77,83,7,5.97,BS,2020-06-23 03:05:15
286,Puerto Del Rosario,28.5,-13.86,71.6,73,75,12.75,ES,2020-06-23 03:05:15
287,Gravdal,68.12,13.5,54.39,93,85,3.85,NO,2020-06-23 03:05:15
288,Wonthaggi,-38.6,145.59,60.01,81,38,6.87,AU,2020-06-23 03:05:15
289,Quatre Cocos,-20.21,57.76,71.6,83,40,8.05,MU,2020-06-23 03:05:15
290,Clinton,42.59,-82.92,75.99,100,75,9.17,US,2020-06-23 03:05:16
291,Lompoc,34.64,-120.46,60.8,77,4,11.41,US,2020-06-23 03:00:47
292,Ginda,30.69,78.49,80.6,83,40,2.1,IN,2020-06-23 03:05:16
293,Macherla,16.48,79.43,87.31,56,21,17.96,IN,2020-06-23 03:05:16
294,Kautokeino,69.01,23.04,53.2,61,34,4.76,NO,2020-06-23 03:05:16
295,Berlevag,70.86,29.09,38.12,79,99,4.07,NO,2020-06-23 03:05:17
296,Ciudad Guayana,8.35,-62.65,77.0,95,30,4.0,VE,2020-06-23 03:05:17
297,Lebu,-37.62,-73.65,47.93,80,25,7.74,CL,2020-06-23 03:05:17
298,Trincomalee,8.57,81.23,84.38,72,78,13.33,LK,2020-06-23 03:05:17
299,Atikokan,48.76,-91.62,56.71,91,100,6.02,CA,2020-06-23 03:05:17
300,San Ramon,37.78,-121.98,78.01,50,1,11.41,US,2020-06-23 03:05:17
301,Qujing,25.48,103.78,74.7,70,25,11.52,CN,2020-06-23 03:05:18
302,Cervo,43.67,-7.41,63.0,90,4,1.01,ES,2020-06-23 03:05:18
303,Bilibino,68.05,166.44,63.52,28,32,9.6,RU,2020-06-23 03:04:49
304,Yaan,7.38,8.57,71.42,97,100,3.96,NG,2020-06-23 03:05:18
305,Constitucion,-35.33,-72.42,51.55,86,73,7.23,CL,2020-06-23 03:00:29
306,Batagay,67.63,134.63,89.83,24,0,4.94,RU,2020-06-23 03:05:19
307,Puerto Escondido,15.85,-97.07,83.23,75,81,4.25,MX,2020-06-23 03:05:19
308,Olafsvik,64.89,-23.71,48.36,84,100,11.1,IS,2020-06-23 03:05:19
309,Tromso,69.65,18.96,48.2,81,100,9.17,NO,2020-06-23 03:05:19
310,San Felipe,10.34,-68.74,73.96,93,99,2.06,VE,2020-06-23 03:05:19
311,South Venice,27.05,-82.42,82.4,83,20,3.36,US,2020-06-23 03:05:19
312,Arlit,18.74,7.39,90.05,11,0,7.72,NE,2020-06-23 03:05:20
313,Omboue,-1.57,9.26,70.59,91,57,5.17,GA,2020-06-23 03:05:20
314,Prokopyevsk,53.91,86.72,63.16,73,0,6.91,RU,2020-06-23 03:05:20
315,Defiance,41.33,-84.45,80.6,57,1,5.82,US,2020-06-23 03:05:20
316,Morbach,49.82,7.12,55.4,71,0,4.7,DE,2020-06-23 03:05:21
317,Enniscorthy,52.5,-6.56,59.0,88,86,7.0,IE,2020-06-23 03:05:21
318,Gunjur,13.2,-16.73,80.6,83,20,8.05,GM,2020-06-23 03:05:21
319,Santa Rosa,14.31,121.11,93.99,63,75,5.82,PH,2020-06-23 03:02:40
320,Seddon,-37.81,144.89,59.0,76,75,10.29,AU,2020-06-23 03:05:21
321,Isabela,6.71,121.97,84.2,79,75,4.7,PH,2020-06-23 03:05:21
322,Opuwo,-18.06,13.84,49.8,49,0,6.8,NA,2020-06-23 03:05:22
323,Verkhneye Dubrovo,56.75,61.05,51.8,71,2,13.42,RU,2020-06-23 03:05:22
324,Fukue,32.69,128.84,80.6,57,6,8.05,JP,2020-06-23 03:05:22
325,Cayenne,4.93,-52.33,75.2,100,100,2.24,GF,2020-06-23 03:05:22
326,Khasan,42.43,130.64,65.75,83,84,9.66,RU,2020-06-23 03:05:23
327,Bambous Virieux,-20.34,57.76,71.6,83,40,8.05,MU,2020-06-23 03:05:23
328,Atbasar,51.8,68.33,57.45,74,95,17.9,KZ,2020-06-23 03:05:23
329,Kijang,35.24,129.21,82.4,48,92,10.29,KR,2020-06-23 03:05:23
330,Hofn,64.25,-15.21,46.89,80,68,1.5,IS,2020-06-23 03:05:23
331,Lafayette,30.23,-92.07,73.99,88,1,2.82,US,2020-06-23 03:05:23
332,Cambuci,-21.58,-41.91,64.49,80,19,0.85,BR,2020-06-23 03:05:24
333,Ankang,32.68,109.02,70.97,79,94,0.56,CN,2020-06-23 03:05:24
334,Sumkino,58.11,68.32,56.7,60,52,3.36,RU,2020-06-23 03:05:24
335,Kaitangata,-46.28,169.85,46.99,66,14,4.0,NZ,2020-06-23 03:05:24
336,Lashma,54.93,41.14,57.2,81,100,3.83,RU,2020-06-23 03:05:24
337,Biak,-0.91,122.88,82.98,69,33,9.37,ID,2020-06-23 03:05:09
338,Abu Dhabi,24.47,54.37,89.01,52,0,4.7,AE,2020-06-23 03:05:25
339,Mahanoro,-19.9,48.8,68.04,91,1,3.53,MG,2020-06-23 03:05:25
340,Faanui,-16.48,-151.75,77.67,74,4,18.68,PF,2020-06-23 03:05:25
341,Piacabucu,-10.41,-36.43,74.93,88,43,11.56,BR,2020-06-23 03:05:25
342,Glace Bay,46.2,-59.96,64.0,100,90,5.82,CA,2020-06-23 03:05:25
343,Geraldton,-28.77,114.6,66.2,63,90,17.22,AU,2020-06-23 03:04:24
344,Rio Gallegos,-51.62,-69.22,42.8,93,90,11.41,AR,2020-06-23 03:05:26
345,Codrington,-38.27,141.97,60.06,80,39,10.89,AU,2020-06-23 03:03:48
346,Beckley,37.78,-81.19,66.2,82,1,6.93,US,2020-06-23 03:01:31
347,Rudnichnyy,59.62,52.47,50.86,75,100,7.38,RU,2020-06-23 03:05:26
348,Itarema,-2.92,-39.92,78.08,83,78,9.22,BR,2020-06-23 03:05:27
349,Sistranda,63.73,8.83,55.4,93,40,4.7,NO,2020-06-23 03:05:27
350,Batagay-Alyta,67.8,130.41,80.24,35,25,6.38,RU,2020-06-23 03:05:27
351,Brownwood,31.71,-98.99,86.0,62,90,12.75,US,2020-06-23 03:05:27
352,Brae,60.4,-1.35,55.4,93,100,26.4,GB,2020-06-23 03:05:27
353,Tessalit,20.2,1.01,89.15,10,0,11.52,ML,2020-06-23 03:05:27
354,Bardiyah,31.76,25.09,67.24,82,0,4.07,LY,2020-06-23 03:05:28
355,Sitka,57.05,-135.33,53.6,81,90,1.32,US,2020-06-23 03:05:28
356,Belmonte,-15.86,-38.88,71.6,83,75,3.36,BR,2020-06-23 03:05:28
357,Portland,45.52,-122.68,84.0,50,11,1.01,US,2020-06-23 03:04:49
358,Cacahuatepec,16.89,-99.61,86.0,74,75,6.93,MX,2020-06-23 03:05:28
359,Semey,50.41,80.23,69.8,35,11,6.71,KZ,2020-06-23 03:05:29
360,Swan Hill,-35.34,143.55,60.39,69,69,10.36,AU,2020-06-23 03:05:29
361,Kiama,-34.68,150.87,62.01,55,6,14.0,AU,2020-06-23 03:05:29
362,Colac,-38.33,143.58,62.01,98,0,4.41,AU,2020-06-23 03:05:29
363,Kalmunai,7.42,81.82,85.24,68,99,4.68,LK,2020-06-23 03:05:29
364,Kavieng,-2.57,150.8,85.26,69,3,6.8,PG,2020-06-23 03:05:30
365,Bafra,41.57,35.91,66.2,88,75,5.23,TR,2020-06-23 03:05:30
366,Arkhangelsk,64.54,40.54,44.6,87,75,4.47,RU,2020-06-23 03:05:30
367,Potam,27.6,-110.38,87.8,70,5,11.41,MX,2020-06-23 03:05:30
368,Nador,35.17,-2.93,71.6,88,20,4.7,MA,2020-06-23 03:05:30
369,Esperance,-33.87,121.9,62.6,63,5,20.8,AU,2020-06-23 03:05:30
370,Oruro,-17.98,-67.15,40.26,69,0,3.4,BO,2020-06-23 03:02:51
371,Champerico,14.3,-91.92,82.63,76,100,5.73,GT,2020-06-23 03:05:31
372,Shimoda,34.67,138.95,78.8,78,75,6.93,JP,2020-06-23 03:05:31
373,Mayumba,-3.43,10.66,69.64,89,0,3.83,GA,2020-06-23 03:05:31
374,Kitgum,3.28,32.89,63.19,94,20,1.72,UG,2020-06-23 03:05:31
375,Lavrentiya,65.58,-171.0,45.7,57,91,13.29,RU,2020-06-23 03:05:32
376,Port Hedland,-20.32,118.57,77.85,39,0,11.3,AU,2020-06-23 03:05:32
377,Holme,56.11,10.17,52.0,93,0,6.93,DK,2020-06-23 03:05:32
378,Matara,5.95,80.54,83.28,77,57,13.06,LK,2020-06-23 03:05:32
379,Nabire,-3.37,135.48,86.14,64,57,4.25,ID,2020-06-23 03:05:32
380,Ushtobe,45.25,77.98,84.27,15,90,1.19,KZ,2020-06-23 03:05:33
381,Yuzhno-Sukhokumsk,44.66,45.64,77.27,42,60,12.1,RU,2020-06-23 03:05:33
382,Yar-Sale,66.83,70.83,45.79,68,90,4.25,RU,2020-06-23 03:05:33
383,Tonj,7.27,28.68,71.47,91,98,4.25,SS,2020-06-23 03:05:33
384,Ozuluama,21.67,-97.85,84.2,83,40,9.17,MX,2020-06-23 03:05:33
385,Fostoria,41.16,-83.42,78.8,61,1,8.05,US,2020-06-23 03:05:34
386,Ellsworth,44.54,-68.42,62.01,100,75,5.82,US,2020-06-23 03:05:34
387,Mantua,45.17,10.78,70.0,59,0,1.99,IT,2020-06-23 03:05:34
388,Saint-Leu,-21.15,55.28,64.4,82,24,4.7,RE,2020-06-23 03:05:34
389,Sabha,27.04,14.43,73.15,27,0,5.17,LY,2020-06-23 03:05:34
390,Khorixas,-20.37,14.97,55.92,36,0,12.24,NA,2020-06-23 03:05:35
391,Coahuayana,18.73,-103.68,80.22,78,49,0.94,MX,2020-06-23 03:05:35
392,Marathon,44.9,-89.77,64.4,72,1,8.05,US,2020-06-23 03:05:35
393,Yoichi,43.2,140.77,75.99,73,75,12.75,JP,2020-06-23 03:05:35
394,Kinsale,51.71,-8.53,57.99,100,90,14.99,IE,2020-06-23 03:02:12
395,Chapadinha,-3.74,-43.36,71.22,80,3,1.05,BR,2020-06-23 03:05:36
396,La Ronge,55.1,-105.28,71.6,40,20,3.36,CA,2020-06-23 03:05:36
397,Goksun,38.02,36.5,66.2,72,0,5.82,TR,2020-06-23 03:05:36
398,Quang Ngai,15.12,108.8,95.99,44,100,4.18,VN,2020-06-23 03:05:21
399,Altayskoye,51.95,85.33,66.13,64,0,2.84,RU,2020-06-23 03:05:36
400,Lasa,46.62,10.7,51.8,87,5,8.05,IT,2020-06-23 03:05:37
401,Itatinga,-23.1,-48.62,60.4,80,4,1.9,BR,2020-06-23 03:05:37
402,Zhigalovo,54.81,105.16,75.99,40,87,2.19,RU,2020-06-23 03:05:37
403,Conde,-7.26,-34.91,73.4,81,94,11.36,BR,2020-06-23 03:05:37
404,Nha Trang,12.25,109.18,96.8,50,20,10.29,VN,2020-06-23 03:03:56
405,Shakawe,-18.37,21.85,45.48,53,0,4.76,BW,2020-06-23 03:02:05
406,Les Trois-Bassins,-21.1,55.3,64.4,82,34,4.7,RE,2020-06-23 03:05:38
407,Bandrele,-12.91,45.19,78.8,78,75,16.11,YT,2020-06-23 03:05:38
408,Santa Catarina,-27.0,-50.0,55.9,99,0,1.19,BR,2020-06-23 03:05:38
409,Gwadar,25.12,62.33,85.32,73,45,4.99,PK,2020-06-23 03:05:38
410,Tekeli,44.83,78.82,76.37,29,95,6.06,KZ,2020-06-23 03:05:39
411,Hay River,60.82,-115.8,60.8,51,75,9.17,CA,2020-06-23 03:05:39
412,Winnemucca,40.97,-117.74,82.0,23,0,8.99,US,2020-06-23 03:05:39
413,Shahr-E Babak,30.12,55.12,77.95,16,0,9.71,IR,2020-06-23 03:05:39
414,Castel San Pietro Terme,44.4,11.58,70.0,56,0,6.93,IT,2020-06-23 03:05:40
415,Angoche,-16.23,39.91,71.91,89,93,10.16,MZ,2020-06-23 03:02:05
416,Tigil,57.8,158.67,68.09,47,0,11.5,RU,2020-06-23 03:05:40
417,Nazilli,37.92,28.32,66.02,78,0,1.63,TR,2020-06-23 03:05:40
418,Aksu,41.12,80.26,88.23,12,33,8.05,CN,2020-06-23 03:05:40
419,Karratha,-20.74,116.85,80.78,25,0,8.55,AU,2020-06-23 03:03:59
420,Nowe Miasto Lubawskie,53.42,19.6,57.99,77,10,1.01,PL,2020-06-23 03:05:41
421,Bathsheba,13.22,-59.52,82.4,78,40,19.46,BB,2020-06-23 03:01:03
422,Kapuskasing,49.42,-82.43,64.4,93,90,5.82,CA,2020-06-23 03:05:27
423,Filingue,14.35,3.32,89.87,39,9,16.6,NE,2020-06-23 03:05:41
424,Qaqortoq,60.72,-46.03,50.0,66,0,5.82,GL,2020-06-23 03:05:42
425,North Bend,43.41,-124.22,75.0,77,1,21.92,US,2020-06-23 03:05:06
426,Gastonia,35.26,-81.19,75.2,78,1,6.22,US,2020-06-23 03:05:42
427,Visnes,59.36,5.22,59.0,76,64,11.41,NO,2020-06-23 03:05:42
428,Lombardia,19.15,-102.03,77.23,71,100,3.51,MX,2020-06-23 03:05:43
429,Hajdusamson,47.6,21.77,68.0,77,100,16.11,HU,2020-06-23 03:05:43
430,Verkhnevilyuysk,63.45,120.32,75.7,42,31,10.67,RU,2020-06-23 03:05:43
431,Beyneu,45.32,55.2,78.01,23,0,9.4,KZ,2020-06-23 03:05:43
432,Horsham,51.06,-0.33,55.99,93,0,3.36,GB,2020-06-23 03:05:43
433,Tres Arroyos,-38.37,-60.28,47.5,84,100,5.7,AR,2020-06-23 03:05:43
434,Key Largo,25.09,-80.45,84.0,79,95,1.01,US,2020-06-23 03:05:44
435,Tyukalinsk,55.87,72.2,57.02,67,0,8.01,RU,2020-06-23 03:05:44
436,Cabedelo,-6.98,-34.83,77.05,74,91,15.21,BR,2020-06-23 03:05:44
437,Katsuura,35.13,140.3,77.0,78,75,6.93,JP,2020-06-23 03:05:44
438,Terrace Bay,48.78,-87.1,52.32,83,99,6.02,CA,2020-06-23 03:05:44
439,Russkaya Polyana,49.42,31.92,64.56,92,0,5.39,UA,2020-06-23 03:05:45
440,Palimbang,6.21,124.19,87.21,63,52,4.0,PH,2020-06-23 03:05:45
441,Cornwall,45.02,-74.73,69.8,83,1,3.74,CA,2020-06-23 03:05:45
442,Ylivieska,64.08,24.55,60.01,72,0,5.01,FI,2020-06-23 03:01:29
443,Biritiba-Mirim,-23.57,-46.04,73.0,72,98,2.24,BR,2020-06-23 03:05:45
444,San Carlos De Bariloche,-41.15,-71.31,37.4,94,75,13.87,AR,2020-06-23 03:05:46
445,Namibe,-15.2,12.15,69.39,68,0,5.59,AO,2020-06-23 03:04:19
446,Pak Phanang,8.35,100.2,89.6,70,20,2.24,TH,2020-06-23 03:05:46
447,Vestmannaeyjar,63.44,-20.27,49.12,78,7,13.87,IS,2020-06-23 03:03:05
448,Batangafo,7.3,18.28,71.78,86,100,4.63,CF,2020-06-23 03:05:46
449,Salinopolis,-0.61,-47.36,78.44,84,92,9.66,BR,2020-06-23 03:05:47
450,Fabiansebestyen,46.68,20.47,66.99,93,95,12.86,HU,2020-06-23 03:05:47
451,Yablonovo,50.85,37.36,64.4,77,40,8.95,RU,2020-06-23 03:05:47
452,Bonthe,7.53,-12.51,77.04,88,69,5.61,SL,2020-06-23 03:03:04
453,Gornopravdinsk,60.05,69.9,54.12,69,9,4.61,RU,2020-06-23 03:05:47
454,Irbil,36.19,44.01,69.8,35,0,2.24,IQ,2020-06-23 03:05:47
455,Laguna,38.42,-121.42,93.2,28,1,11.41,US,2020-06-23 03:05:48
456,Berezovka,53.72,25.5,59.36,96,96,6.17,BY,2020-06-23 03:05:48
457,Nishihara,26.18,127.76,86.0,79,75,12.41,JP,2020-06-23 03:05:48
458,Ballina,-28.87,153.57,64.99,45,0,17.22,AU,2020-06-23 03:05:48
459,Kayerkan,69.35,87.76,60.8,51,79,22.37,RU,2020-06-23 03:05:49
460,Popondetta,-8.75,148.25,88.39,58,84,5.26,PG,2020-06-23 03:05:49
461,Rio Grande,-32.03,-52.1,62.01,96,99,3.0,BR,2020-06-23 03:00:59
462,Melville,40.79,-73.42,75.2,69,1,11.41,US,2020-06-23 03:01:01
463,Anadyr,64.75,177.48,48.2,87,75,8.95,RU,2020-06-23 03:05:10
464,Sooke,48.37,-123.73,70.0,52,40,6.93,CA,2020-06-23 03:05:49
465,Hami,42.8,93.45,79.02,16,0,9.66,CN,2020-06-23 03:05:50
466,Sisophon,13.59,102.97,89.28,61,12,4.9,KH,2020-06-23 03:05:50
467,Shirokiy,49.76,129.52,62.87,69,100,10.02,RU,2020-06-23 03:05:50
468,Asau,46.43,26.4,60.01,92,36,3.2,RO,2020-06-23 03:05:50
469,Mishan,45.55,131.88,63.54,93,100,10.87,CN,2020-06-23 03:05:50
470,Teguldet,57.31,88.17,72.39,47,2,3.53,RU,2020-06-23 03:05:50
471,Klaebu,63.3,10.48,55.99,93,55,2.24,NO,2020-06-23 03:05:51
472,Razole,16.48,81.83,88.5,63,47,9.19,IN,2020-06-23 03:05:51
473,Tomatlan,19.93,-105.25,80.28,73,65,2.33,MX,2020-06-23 03:05:51
474,Yibin,28.77,104.62,75.06,85,100,3.33,CN,2020-06-23 03:05:51
475,Suntar,62.14,117.63,72.48,39,22,9.91,RU,2020-06-23 03:05:51
476,Homer,59.64,-151.55,59.0,58,1,9.17,US,2020-06-23 03:05:52
477,Shambu,9.57,37.1,50.95,100,99,1.23,ET,2020-06-23 03:05:52
478,Sri Aman,1.24,111.46,82.4,83,20,1.12,MY,2020-06-23 03:05:52
479,Saint Anthony,45.02,-93.22,71.6,49,1,5.82,US,2020-06-23 03:05:52
480,Aloguinsan,10.22,123.55,87.8,70,40,8.05,PH,2020-06-23 03:05:52
481,Emba,48.83,58.14,64.6,44,0,12.75,KZ,2020-06-23 03:05:53
482,Chico,39.73,-121.84,95.0,30,20,12.75,US,2020-06-23 03:05:53
483,Puro,12.48,123.38,87.64,63,92,5.93,PH,2020-06-23 03:05:53
484,Peleduy,59.63,112.74,75.97,35,0,11.34,RU,2020-06-23 03:05:53
485,Melfi,41.0,15.65,75.2,50,75,5.82,IT,2020-06-23 03:05:54
486,Werda,-25.27,23.28,48.6,48,0,7.4,BW,2020-06-23 03:05:54
487,Upington,-28.45,21.26,52.41,42,0,10.38,ZA,2020-06-23 03:02:05
488,Lubumbashi,-11.66,27.48,46.54,77,0,2.95,CD,2020-06-23 03:05:54
489,Esterhazy,50.65,-102.08,56.97,84,14,3.69,CA,2020-06-23 03:05:54
490,Salalah,17.02,54.09,82.4,88,78,5.82,OM,2020-06-23 03:05:55
491,Houma,29.6,-90.72,77.0,94,1,7.34,US,2020-06-23 03:05:55
492,Priekule,56.45,21.59,59.0,100,100,2.24,LV,2020-06-23 03:05:55
493,Serenje,-13.23,30.24,47.91,79,1,5.84,ZM,2020-06-23 03:05:55
494,Van Buren,35.44,-94.35,80.6,61,1,6.93,US,2020-06-23 03:05:55
495,Gigmoto,13.78,124.39,86.72,69,100,7.92,PH,2020-06-23 03:05:56
496,Udachnyy,66.42,112.4,75.2,33,40,8.95,RU,2020-06-23 03:05:56
497,Tual,-5.67,132.75,80.49,82,13,21.41,ID,2020-06-23 03:05:56
498,Ankara,39.92,32.85,60.01,93,20,3.67,TR,2020-06-23 03:03:33
499,Inzer,54.22,57.56,54.19,59,0,2.28,RU,2020-06-23 03:04:18
500,Merauke,-8.47,140.33,82.6,73,1,14.83,ID,2020-06-23 03:04:14
501,Urengoy,65.97,78.37,53.85,74,87,5.44,RU,2020-06-23 03:05:57
502,Alta Floresta,-9.88,-56.09,69.49,63,38,4.34,BR,2020-06-23 03:05:57
503,Calbuco,-41.77,-73.13,42.8,93,90,4.7,CL,2020-06-23 03:05:57
504,Lorengau,-2.02,147.27,84.78,73,100,6.73,PG,2020-06-23 03:05:57
505,Valparaiso,-33.04,-71.63,50.0,100,90,9.17,CL,2020-06-23 03:04:41
506,Bay-Khaak,51.17,94.5,58.95,57,68,5.26,RU,2020-06-23 03:05:58
507,Iqaluit,63.75,-68.51,46.4,65,20,8.05,CA,2020-06-23 03:05:58
508,Yarmouth,41.71,-70.23,66.2,93,90,6.93,US,2020-06-23 03:05:44
509,Lanzhou,36.06,103.79,66.2,52,79,6.71,CN,2020-06-23 03:05:58
510,Srikakulam,18.3,83.9,90.0,57,45,3.36,IN,2020-06-23 03:05:58
511,Izhmorskiy,56.19,86.64,66.43,65,68,5.73,RU,2020-06-23 03:05:58
512,Jacareacanga,-6.22,-57.75,76.19,72,8,1.79,BR,2020-06-23 03:05:59
513,Belaya Gora,68.53,146.42,77.97,30,96,11.68,RU,2020-06-23 03:05:59
514,Fort Nelson,58.81,-122.7,73.4,25,40,9.17,CA,2020-06-23 03:01:11
515,Itupiranga,-5.13,-49.33,73.4,94,53,1.99,BR,2020-06-23 03:05:59
516,Mukdahan,16.58,104.5,87.8,62,20,2.24,TH,2020-06-23 03:05:59
517,Ca Mau,9.18,105.15,89.96,61,76,2.98,VN,2020-06-23 03:06:00
518,Gander,48.97,-54.59,60.8,87,90,19.46,CA,2020-06-23 03:06:00
519,Isangel,-19.55,169.27,78.8,74,75,9.17,VU,2020-06-23 03:06:00
520,Yuancheng,36.65,107.79,78.17,30,29,4.07,CN,2020-06-23 03:06:00
521,Amga,60.9,131.96,76.68,30,31,4.56,RU,2020-06-23 03:06:00
522,San Jose Del Palmar,4.97,-76.23,63.68,100,100,0.69,CO,2020-06-23 03:06:01
523,Lensk,60.73,114.93,71.58,48,38,8.75,RU,2020-06-23 03:06:01
524,Khonsa,27.02,95.57,77.14,91,60,2.93,IN,2020-06-23 03:06:01
525,Vryheid,-27.77,30.79,43.5,70,0,3.22,ZA,2020-06-23 03:06:01
526,Taltal,-25.4,-70.48,56.44,79,4,0.81,CL,2020-06-23 03:06:01
527,Aykhal,66.0,111.5,75.2,33,40,8.95,RU,2020-06-23 03:06:01
528,Saint-Pierre,-21.34,55.48,64.4,82,18,4.7,RE,2020-06-23 03:06:02
529,Cabo San Lucas,22.89,-109.91,80.01,61,5,10.29,MX,2020-06-23 03:06:02
530,Kamaishi,39.27,141.88,77.0,61,75,16.11,JP,2020-06-23 03:06:02
531,Taoudenni,22.68,-3.98,95.0,9,1,14.74,ML,2020-06-23 03:06:02
532,Ryotsu,38.08,138.43,77.0,61,0,10.29,JP,2020-06-23 03:06:02
533,Tarko-Sale,64.92,77.78,60.01,67,34,10.11,RU,2020-06-23 03:06:03
534,Troitskoye,52.98,84.68,62.29,69,0,7.63,RU,2020-06-23 03:06:03
535,Ascension,30.22,-90.9,75.2,88,100,3.85,US,2020-06-23 03:06:03
536,Amapa,1.0,-52.0,71.49,99,99,1.72,BR,2020-06-23 03:06:03
537,Fowa,8.92,6.4,74.35,89,100,2.71,NG,2020-06-23 03:06:03
538,Rocha,-34.48,-54.33,58.78,97,100,7.43,UY,2020-06-23 03:04:55
539,Bucerias,20.75,-105.33,86.0,70,75,6.93,MX,2020-06-23 03:06:04
540,Kawalu,-7.38,108.21,74.8,89,99,2.73,ID,2020-06-23 03:06:04
541,Montoro,38.02,-4.38,73.99,52,0,1.48,ES,2020-06-23 03:06:04
542,Lanxi,29.22,119.48,88.07,74,99,2.73,CN,2020-06-23 03:06:04
543,Eureka,40.8,-124.16,64.99,14,1,2.42,US,2020-06-23 03:06:04
544,Santiago,-33.46,-70.65,46.4,100,90,3.36,CL,2020-06-23 03:05:32
545,Hasaki,35.73,140.83,75.99,88,75,2.24,JP,2020-06-23 03:06:05
546,Aswan,24.09,32.91,85.69,14,0,9.22,EG,2020-06-23 03:06:05
547,Log,49.48,43.86,63.18,63,100,12.19,RU,2020-06-23 03:06:05
548,Saint-Augustin,51.23,-58.65,52.09,96,78,12.3,CA,2020-06-23 03:06:05
549,Imbituba,-28.24,-48.67,66.2,100,90,5.99,BR,2020-06-23 03:06:05
550,Selikhino,50.37,137.5,57.06,74,99,7.87,RU,2020-06-23 03:06:06
551,Qandala,11.47,49.87,89.62,55,92,1.05,SO,2020-06-23 03:06:06
552,Pismo Beach,35.14,-120.64,61.0,93,20,4.7,US,2020-06-23 03:06:06
553,Porto Novo,6.5,2.6,75.78,89,95,5.97,BJ,2020-06-23 03:06:06
554,Onega,63.91,38.14,53.87,71,19,6.08,RU,2020-06-23 03:06:06
555,Kaoma,-14.78,24.8,46.51,74,0,5.35,ZM,2020-06-23 03:06:06
556,Sumenep,-7.02,113.87,84.0,66,100,11.43,ID,2020-06-23 03:06:07
557,Guarapari,-20.67,-40.5,64.99,93,20,2.24,BR,2020-06-23 02:57:58
